{"09:27:04": 21770.28039293606, "09:28:04": 21770.28039293606, "09:28:05": 21770.28039293606, "09:38:08": 21770.28039293606, "09:38:32": 21770.28039293606, "09:48:33": 21770.28039293606, "22:27:56": 20931.343400844213, "22:27:57": 20931.343400844213, "22:29:28": 20931.343400844213, "22:29:29": 20931.343400844213, "22:29:30": 20931.343400844213, "22:29:54": 20931.343400844213, "22:30:51": 20931.343400844213, "22:30:52": 20931.343400844213, "22:30:57": 20931.343400844213, "22:31:03": 20931.343400844213, "22:31:04": 20931.343400844213, "22:33:58": 20881.17091632761, "22:33:59": 20881.17091632761, "22:37:57": 20881.17091632761, "22:41:03": 20879.08300802681, "22:43:59": 20879.08300802681, "22:47:57": 20879.08300802681, "22:51:03": 20812.380059128216, "22:53:59": 20791.579121300885, "22:57:57": 20787.421429140843, "23:01:04": 20787.421429140843, "23:03:59": 20787.421429140843, "23:07:57": 20787.421429140843, "23:11:04": 20787.421429140843, "23:14:00": 20777.03083581207, "23:17:58": 20737.593925964356, "23:21:04": 20630.043687924837, "23:24:00": 20527.156047221717, "23:27:58": 20557.968344149056, "23:31:04": 20588.826891888722, "23:34:00": 20656.878842054884, "23:37:58": 20615.608432023033, "23:41:05": 20547.692442952848, "23:44:00": 20494.34049773618, "23:46:06": 20475.904810360887, "23:47:58": 20424.781535175498, "23:51:05": 20414.572207410416, "23:56:06": 20439.083172169183, "23:57:58": 20278.258549843704, "00:01:05": 20072.481846477887, "00:06:06": 20241.79233717102, "00:06:07": 20241.79233717102, "00:07:59": 20341.215536465086, "00:11:06": 20314.790457522267, "00:16:07": 20284.34263577669, "00:17:59": 20361.565907989916, "00:21:06": 20361.565907989916, "00:26:07": 20402.327750003176, "00:27:59": 20402.327750003176, "00:31:06": 20396.208275613848, "00:31:37": 20396.208275613848}