{"09:27:04": 21770.28039293606, "09:28:04": 21770.28039293606, "09:28:05": 21770.28039293606, "09:38:08": 21770.28039293606, "09:38:32": 21770.28039293606, "09:48:33": 21770.28039293606}